{"train/clip_range":0.2,"train/entropy_loss":2.2811487,"train/value_loss":17.316635,"_wandb":{"runtime":4288},"train/explained_variance":0.9790691,"_timestamp":1.7374671894686704e+09,"time/fps":467,"train/std":0.11353649,"rollout/ep_len_mean":462.42,"train/clip_fraction":0.262086,"train/policy_gradient_loss":0.010866652,"train/learning_rate":0.0003,"global_step":2001360,"_step":10480,"train/approx_kl":0.023530709,"train/loss":0.68507797,"_runtime":4288.09825,"rollout/ep_rew_mean":382.90833}