{"train/clip_range":0.2,"rollout/ep_len_mean":998.25,"train/loss":1.0760202,"time/fps":171,"train/value_loss":0.7564165,"train/entropy_loss":2.1515565,"train/learning_rate":0.0003,"train/approx_kl":0.017694967,"_timestamp":1.7374971627048914e+09,"rollout/ep_rew_mean":-316.35687,"global_step":2001036,"_step":7503,"train/clip_fraction":0.16152462,"train/explained_variance":0.9911467,"_wandb":{"runtime":11678},"train/policy_gradient_loss":0.0048492905,"_runtime":11677.41891,"train/std":0.11854278}