{"train/value_loss":8.575562,"_step":9492,"rollout/ep_rew_mean":334.1514,"train/clip_fraction":0.25291714,"_timestamp":1.7374854770275526e+09,"time/fps":481,"train/policy_gradient_loss":0.01345804,"rollout/ep_len_mean":322.62,"train/std":0.11226171,"_runtime":4158.4035714,"global_step":2001478,"_wandb":{"runtime":4159},"train/clip_range":0.2,"train/loss":1.6007494,"train/entropy_loss":2.3162858,"train/learning_rate":0.0003,"train/approx_kl":0.035138823,"train/explained_variance":0.98077273}