{"_runtime":10591.2501555,"global_step":2001650,"_wandb":{"runtime":10591},"train/clip_fraction":0.15182291,"train/approx_kl":0.010702886,"train/std":0.114461206,"train/clip_range":0.2,"time/fps":189,"_timestamp":1.7374777860723512e+09,"rollout/ep_len_mean":1000,"train/value_loss":0.7591929,"_step":8635,"train/entropy_loss":2.2542937,"train/explained_variance":0.9938871,"rollout/ep_rew_mean":-270.97504,"train/loss":0.19084832,"train/learning_rate":0.0003,"train/policy_gradient_loss":0.0035604695}