{"train/loss":-0.006219322,"train/explained_variance":0.9910626,"_timestamp":1.7375123807462862e+09,"train/clip_range":0.2,"train/value_loss":1.9740589,"_wandb":{"runtime":15212},"time/fps":131,"rollout/ep_rew_mean":-276.70093,"_step":7517,"train/clip_fraction":0.13951704,"train/policy_gradient_loss":0.004809414,"train/std":0.095367596,"train/approx_kl":0.008276497,"train/learning_rate":0.0003,"_runtime":15212.399484,"train/entropy_loss":2.8043633,"rollout/ep_len_mean":1000,"global_step":2002182}